[
    {
        "id": "b908f5ec.95e0b8",
        "type": "inject",
        "z": "21109def.2b1e62",
        "name": "test",
        "topic": "",
        "payload": "0",
        "payloadType": "num",
        "repeat": "",
        "crontab": "",
        "once": false,
        "onceDelay": 0.1,
        "x": 170,
        "y": 200,
        "wires": [
            [
                "729091d5.9edb5"
            ]
        ]
    },
    {
        "id": "729091d5.9edb5",
        "type": "http request",
        "z": "21109def.2b1e62",
        "name": "",
        "method": "GET",
        "ret": "bin",
        "paytoqs": false,
        "url": "https://loremflickr.com/320/240/person",
        "tls": "",
        "persist": false,
        "proxy": "",
        "authType": "",
        "x": 330,
        "y": 200,
        "wires": [
            [
                "829a5ef1.be1ad",
                "500f8b25.5fc964"
            ]
        ]
    },
    {
        "id": "88aae886.dd27e8",
        "type": "debug",
        "z": "21109def.2b1e62",
        "name": "",
        "active": true,
        "tosidebar": true,
        "console": false,
        "tostatus": false,
        "complete": "payload",
        "targetType": "msg",
        "x": 730,
        "y": 200,
        "wires": []
    },
    {
        "id": "829a5ef1.be1ad",
        "type": "image",
        "z": "21109def.2b1e62",
        "name": "",
        "width": 160,
        "data": "payload",
        "dataType": "msg",
        "thumbnail": true,
        "active": true,
        "x": 520,
        "y": 260,
        "wires": []
    },
    {
        "id": "40c25896.a51558",
        "type": "inject",
        "z": "21109def.2b1e62",
        "name": "test",
        "topic": "",
        "payload": "0",
        "payloadType": "num",
        "repeat": "",
        "crontab": "",
        "once": false,
        "onceDelay": 0.1,
        "x": 150,
        "y": 520,
        "wires": [
            [
                "e4cf9de8.1fbcb"
            ]
        ]
    },
    {
        "id": "500f8b25.5fc964",
        "type": "teachable machine",
        "z": "21109def.2b1e62",
        "name": "",
        "modelUrl": "https://teachablemachine.withgoogle.com/models/FIVck9WjF/",
        "x": 530,
        "y": 200,
        "wires": [
            [
                "88aae886.dd27e8"
            ]
        ]
    },
    {
        "id": "e4cf9de8.1fbcb",
        "type": "file in",
        "z": "21109def.2b1e62",
        "name": "",
        "filename": "./photo_852.jpg",
        "format": "",
        "chunk": false,
        "sendError": false,
        "encoding": "none",
        "x": 340,
        "y": 520,
        "wires": [
            [
                "b618dbdc.d11b68",
                "2cc74929.1d9486"
            ]
        ]
    },
    {
        "id": "b618dbdc.d11b68",
        "type": "image",
        "z": "21109def.2b1e62",
        "name": "",
        "width": 160,
        "data": "payload",
        "dataType": "msg",
        "thumbnail": true,
        "active": true,
        "x": 600,
        "y": 580,
        "wires": []
    },
    {
        "id": "42a2ba91.1a85a4",
        "type": "file in",
        "z": "21109def.2b1e62",
        "name": "",
        "filename": "./photo_724.jpg",
        "format": "",
        "chunk": false,
        "sendError": false,
        "encoding": "none",
        "x": 340,
        "y": 560,
        "wires": [
            [
                "b618dbdc.d11b68",
                "2cc74929.1d9486"
            ]
        ]
    },
    {
        "id": "fa40821d.faf1b",
        "type": "inject",
        "z": "21109def.2b1e62",
        "name": "test",
        "topic": "",
        "payload": "0",
        "payloadType": "num",
        "repeat": "",
        "crontab": "",
        "once": false,
        "onceDelay": 0.1,
        "x": 150,
        "y": 560,
        "wires": [
            [
                "42a2ba91.1a85a4"
            ]
        ]
    },
    {
        "id": "2cc74929.1d9486",
        "type": "teachable machine",
        "z": "21109def.2b1e62",
        "name": "",
        "modelUrl": "https://teachablemachine.withgoogle.com/models/N0fc1iFzE/",
        "x": 610,
        "y": 520,
        "wires": [
            [
                "aa19e2f9.926b2"
            ]
        ]
    },
    {
        "id": "aa19e2f9.926b2",
        "type": "debug",
        "z": "21109def.2b1e62",
        "name": "",
        "active": true,
        "tosidebar": true,
        "console": false,
        "tostatus": false,
        "complete": "payload",
        "targetType": "msg",
        "x": 830,
        "y": 520,
        "wires": []
    }
]